Workbook

Sheet Ausgaben
A1: Datum | B1: Monat | C1: Kategorie | D1: Beschreibung | E1: Betrag netto | F1: USt-Satz | G1: USt-Betrag | H1: Betrag brutto | I1: Zahlungsart | J1: Beleg-Nr. | K1: Notiz
A2: =DATE(2026,1,5) -> 46027 | B2: =IF(A2="","",MONTH(A2)) -> 1 | C2: Software & Abos | D2: Beispiel: DaVinci Resolve Studio Lizenz | E2: 295 | F2: 0.19 | G2: =IF(E2="","",ROUND(E2*F2,2)) -> 56.05 | H2: =IF(E2="","",E2+G2) -> 351.05 | I2: Kreditkarte | J2: 2026-001 | K2: Beispielzeile – kann überschrieben werden
B3: =IF(A3="","",MONTH(A3)) | G3: =IF(E3="","",ROUND(E3*F3,2)) | H3: =IF(E3="","",E3+G3)
B4: =IF(A4="","",MONTH(A4)) | G4: =IF(E4="","",ROUND(E4*F4,2)) | H4: =IF(E4="","",E4+G4)
B5: =IF(A5="","",MONTH(A5)) | G5: =IF(E5="","",ROUND(E5*F5,2)) | H5: =IF(E5="","",E5+G5)
B6: =IF(A6="","",MONTH(A6)) | G6: =IF(E6="","",ROUND(E6*F6,2)) | H6: =IF(E6="","",E6+G6)
B7: =IF(A7="","",MONTH(A7)) | G7: =IF(E7="","",ROUND(E7*F7,2)) | H7: =IF(E7="","",E7+G7)
B8: =IF(A8="","",MONTH(A8)) | G8: =IF(E8="","",ROUND(E8*F8,2)) | H8: =IF(E8="","",E8+G8)
B9: =IF(A9="","",MONTH(A9)) | G9: =IF(E9="","",ROUND(E9*F9,2)) | H9: =IF(E9="","",E9+G9)
B10: =IF(A10="","",MONTH(A10)) | G10: =IF(E10="","",ROUND(E10*F10,2)) | H10: =IF(E10="","",E10+G10)
B11: =IF(A11="","",MONTH(A11)) | G11: =IF(E11="","",ROUND(E11*F11,2)) | H11: =IF(E11="","",E11+G11)
B12: =IF(A12="","",MONTH(A12)) | G12: =IF(E12="","",ROUND(E12*F12,2)) | H12: =IF(E12="","",E12+G12)
B13: =IF(A13="","",MONTH(A13)) | G13: =IF(E13="","",ROUND(E13*F13,2)) | H13: =IF(E13="","",E13+G13)
B14: =IF(A14="","",MONTH(A14)) | G14: =IF(E14="","",ROUND(E14*F14,2)) | H14: =IF(E14="","",E14+G14)
... B301: =IF(A301="","",MONTH(A301)) | G301: =IF(E301="","",ROUND(E301*F301,2)) | H301: =IF(E301="","",E301+G301)

Sheet Übersicht
A1: Ausgaben 2026 – Übersicht (Beträge netto)
A2: Alle Werte werden automatisch aus dem Blatt 'Ausgaben' berechnet – hier nichts eingeben.
A4: Kategorie | B4: Jan | C4: Feb | D4: Mär | E4: Apr | F4: Mai | G4: Jun | H4: Jul | I4: Aug | J4: Sep | K4: Okt | L4: Nov | M4: Dez | N4: Summe
A5: Equipment & Technik | B5: =SUMIFS(Ausgaben!$E$2:$E$301,Ausgaben!$C$2:$C$301,$A5,Ausgaben!$B$2:$B$301,1) -> 0 | C5: =SUMIFS(Ausgaben!$E$2:$E$301,Ausgaben!$C$2:$C$301,$A5,Ausgaben!$B$2:$B$301,2) -> 0 | D5: =SUMIFS(Ausgaben!$E$2:$E$301,Ausgaben!$C$2:$C$301,$A5,Ausgaben!$B$2:$B$301,3) -> 0 | E5: =SUMIFS(Ausgaben!$E$2:$E$301,Ausgaben!$C$2:$C$301,$A5,Ausgaben!$B$2:$B$301,4) -> 0 | F5: =SUMIFS(Ausgaben!$E$2:$E$301,Ausgaben!$C$2:$C$301,$A5,Ausgaben!$B$2:$B$301,5) -> 0 | G5: =SUMIFS(Ausgaben!$E$2:$E$301,Ausgaben!$C$2:$C$301,$A5,Ausgaben!$B$2:$B$301,6) -> 0 | H5: =SUMIFS(Ausgaben!$E$2:$E$301,Ausgaben!$C$2:$C$301,$A5,Ausgaben!$B$2:$B$301,7) -> 0 | I5: =SUMIFS(Ausgaben!$E$2:$E$301,Ausgaben!$C$2:$C$301,$A5,Ausgaben!$B$2:$B$301,8) -> 0 | J5: =SUMIFS(Ausgaben!$E$2:$E$301,Ausgaben!$C$2:$C$301,$A5,Ausgaben!$B$2:$B$301,9) -> 0 | K5: =SUMIFS(Ausgaben!$E$2:$E$301,Ausgaben!$C$2:$C$301,$A5,Ausgaben!$B$2:$B$301,10) -> 0 | L5: =SUMIFS(Ausgaben!$E$2:$E$301,Ausgaben!$C$2:$C$301,$A5,Ausgaben!$B$2:$B$301,11) -> 0 | M5: =SUMIFS(Ausgaben!$E$2:$E$301,Ausgaben!$C$2:$C$301,$A5,Ausgaben!$B$2:$B$301,12) -> 0 | N5: =SUM(B5:M5) -> 0
A6: Software & Abos | B6: =SUMIFS(Ausgaben!$E$2:$E$301,Ausgaben!$C$2:$C$301,$A6,Ausgaben!$B$2:$B$301,1) -> 295 | C6: =SUMIFS(Ausgaben!$E$2:$E$301,Ausgaben!$C$2:$C$301,$A6,Ausgaben!$B$2:$B$301,2) -> 0 | D6: =SUMIFS(Ausgaben!$E$2:$E$301,Ausgaben!$C$2:$C$301,$A6,Ausgaben!$B$2:$B$301,3) -> 0 | E6: =SUMIFS(Ausgaben!$E$2:$E$301,Ausgaben!$C$2:$C$301,$A6,Ausgaben!$B$2:$B$301,4) -> 0 | F6: =SUMIFS(Ausgaben!$E$2:$E$301,Ausgaben!$C$2:$C$301,$A6,Ausgaben!$B$2:$B$301,5) -> 0 | G6: =SUMIFS(Ausgaben!$E$2:$E$301,Ausgaben!$C$2:$C$301,$A6,Ausgaben!$B$2:$B$301,6) -> 0 | H6: =SUMIFS(Ausgaben!$E$2:$E$301,Ausgaben!$C$2:$C$301,$A6,Ausgaben!$B$2:$B$301,7) -> 0 | I6: =SUMIFS(Ausgaben!$E$2:$E$301,Ausgaben!$C$2:$C$301,$A6,Ausgaben!$B$2:$B$301,8) -> 0 | J6: =SUMIFS(Ausgaben!$E$2:$E$301,Ausgaben!$C$2:$C$301,$A6,Ausgaben!$B$2:$B$301,9) -> 0 | K6: =SUMIFS(Ausgaben!$E$2:$E$301,Ausgaben!$C$2:$C$301,$A6,Ausgaben!$B$2:$B$301,10) -> 0 | L6: =SUMIFS(Ausgaben!$E$2:$E$301,Ausgaben!$C$2:$C$301,$A6,Ausgaben!$B$2:$B$301,11) -> 0 | M6: =SUMIFS(Ausgaben!$E$2:$E$301,Ausgaben!$C$2:$C$301,$A6,Ausgaben!$B$2:$B$301,12) -> 0 | N6: =SUM(B6:M6) -> 295
A7: Reisekosten | B7: =SUMIFS(Ausgaben!$E$2:$E$301,Ausgaben!$C$2:$C$301,$A7,Ausgaben!$B$2:$B$301,1) -> 0 | C7: =SUMIFS(Ausgaben!$E$2:$E$301,Ausgaben!$C$2:$C$301,$A7,Ausgaben!$B$2:$B$301,2) -> 0 | D7: =SUMIFS(Ausgaben!$E$2:$E$301,Ausgaben!$C$2:$C$301,$A7,Ausgaben!$B$2:$B$301,3) -> 0 | E7: =SUMIFS(Ausgaben!$E$2:$E$301,Ausgaben!$C$2:$C$301,$A7,Ausgaben!$B$2:$B$301,4) -> 0 | F7: =SUMIFS(Ausgaben!$E$2:$E$301,Ausgaben!$C$2:$C$301,$A7,Ausgaben!$B$2:$B$301,5) -> 0 | G7: =SUMIFS(Ausgaben!$E$2:$E$301,Ausgaben!$C$2:$C$301,$A7,Ausgaben!$B$2:$B$301,6) -> 0 | H7: =SUMIFS(Ausgaben!$E$2:$E$301,Ausgaben!$C$2:$C$301,$A7,Ausgaben!$B$2:$B$301,7) -> 0 | I7: =SUMIFS(Ausgaben!$E$2:$E$301,Ausgaben!$C$2:$C$301,$A7,Ausgaben!$B$2:$B$301,8) -> 0 | J7: =SUMIFS(Ausgaben!$E$2:$E$301,Ausgaben!$C$2:$C$301,$A7,Ausgaben!$B$2:$B$301,9) -> 0 | K7: =SUMIFS(Ausgaben!$E$2:$E$301,Ausgaben!$C$2:$C$301,$A7,Ausgaben!$B$2:$B$301,10) -> 0 | L7: =SUMIFS(Ausgaben!$E$2:$E$301,Ausgaben!$C$2:$C$301,$A7,Ausgaben!$B$2:$B$301,11) -> 0 | M7: =SUMIFS(Ausgaben!$E$2:$E$301,Ausgaben!$C$2:$C$301,$A7,Ausgaben!$B$2:$B$301,12) -> 0 | N7: =SUM(B7:M7) -> 0
A8: Fahrzeug & Transport | B8: =SUMIFS(Ausgaben!$E$2:$E$301,Ausgaben!$C$2:$C$301,$A8,Ausgaben!$B$2:$B$301,1) -> 0 | C8: =SUMIFS(Ausgaben!$E$2:$E$301,Ausgaben!$C$2:$C$301,$A8,Ausgaben!$B$2:$B$301,2) -> 0 | D8: =SUMIFS(Ausgaben!$E$2:$E$301,Ausgaben!$C$2:$C$301,$A8,Ausgaben!$B$2:$B$301,3) -> 0 | E8: =SUMIFS(Ausgaben!$E$2:$E$301,Ausgaben!$C$2:$C$301,$A8,Ausgaben!$B$2:$B$301,4) -> 0 | F8: =SUMIFS(Ausgaben!$E$2:$E$301,Ausgaben!$C$2:$C$301,$A8,Ausgaben!$B$2:$B$301,5) -> 0 | G8: =SUMIFS(Ausgaben!$E$2:$E$301,Ausgaben!$C$2:$C$301,$A8,Ausgaben!$B$2:$B$301,6) -> 0 | H8: =SUMIFS(Ausgaben!$E$2:$E$301,Ausgaben!$C$2:$C$301,$A8,Ausgaben!$B$2:$B$301,7) -> 0 | I8: =SUMIFS(Ausgaben!$E$2:$E$301,Ausgaben!$C$2:$C$301,$A8,Ausgaben!$B$2:$B$301,8) -> 0 | J8: =SUMIFS(Ausgaben!$E$2:$E$301,Ausgaben!$C$2:$C$301,$A8,Ausgaben!$B$2:$B$301,9) -> 0 | K8: =SUMIFS(Ausgaben!$E$2:$E$301,Ausgaben!$C$2:$C$301,$A8,Ausgaben!$B$2:$B$301,10) -> 0 | L8: =SUMIFS(Ausgaben!$E$2:$E$301,Ausgaben!$C$2:$C$301,$A8,Ausgaben!$B$2:$B$301,11) -> 0 | M8: =SUMIFS(Ausgaben!$E$2:$E$301,Ausgaben!$C$2:$C$301,$A8,Ausgaben!$B$2:$B$301,12) -> 0 | N8: =SUM(B8:M8) -> 0
A9: Marketing & Werbung | B9: =SUMIFS(Ausgaben!$E$2:$E$301,Ausgaben!$C$2:$C$301,$A9,Ausgaben!$B$2:$B$301,1) -> 0 | C9: =SUMIFS(Ausgaben!$E$2:$E$301,Ausgaben!$C$2:$C$301,$A9,Ausgaben!$B$2:$B$301,2) -> 0 | D9: =SUMIFS(Ausgaben!$E$2:$E$301,Ausgaben!$C$2:$C$301,$A9,Ausgaben!$B$2:$B$301,3) -> 0 | E9: =SUMIFS(Ausgaben!$E$2:$E$301,Ausgaben!$C$2:$C$301,$A9,Ausgaben!$B$2:$B$301,4) -> 0 | F9: =SUMIFS(Ausgaben!$E$2:$E$301,Ausgaben!$C$2:$C$301,$A9,Ausgaben!$B$2:$B$301,5) -> 0 | G9: =SUMIFS(Ausgaben!$E$2:$E$301,Ausgaben!$C$2:$C$301,$A9,Ausgaben!$B$2:$B$301,6) -> 0 | H9: =SUMIFS(Ausgaben!$E$2:$E$301,Ausgaben!$C$2:$C$301,$A9,Ausgaben!$B$2:$B$301,7) -> 0 | I9: =SUMIFS(Ausgaben!$E$2:$E$301,Ausgaben!$C$2:$C$301,$A9,Ausgaben!$B$2:$B$301,8) -> 0 | J9: =SUMIFS(Ausgaben!$E$2:$E$301,Ausgaben!$C$2:$C$301,$A9,Ausgaben!$B$2:$B$301,9) -> 0 | K9: =SUMIFS(Ausgaben!$E$2:$E$301,Ausgaben!$C$2:$C$301,$A9,Ausgaben!$B$2:$B$301,10) -> 0 | L9: =SUMIFS(Ausgaben!$E$2:$E$301,Ausgaben!$C$2:$C$301,$A9,Ausgaben!$B$2:$B$301,11) -> 0 | M9: =SUMIFS(Ausgaben!$E$2:$E$301,Ausgaben!$C$2:$C$301,$A9,Ausgaben!$B$2:$B$301,12) -> 0 | N9: =SUM(B9:M9) -> 0
A10: Versicherungen | B10: =SUMIFS(Ausgaben!$E$2:$E$301,Ausgaben!$C$2:$C$301,$A10,Ausgaben!$B$2:$B$301,1) -> 0 | C10: =SUMIFS(Ausgaben!$E$2:$E$301,Ausgaben!$C$2:$C$301,$A10,Ausgaben!$B$2:$B$301,2) -> 0 | D10: =SUMIFS(Ausgaben!$E$2:$E$301,Ausgaben!$C$2:$C$301,$A10,Ausgaben!$B$2:$B$301,3) -> 0 | E10: =SUMIFS(Ausgaben!$E$2:$E$301,Ausgaben!$C$2:$C$301,$A10,Ausgaben!$B$2:$B$301,4) -> 0 | F10: =SUMIFS(Ausgaben!$E$2:$E$301,Ausgaben!$C$2:$C$301,$A10,Ausgaben!$B$2:$B$301,5) -> 0 | G10: =SUMIFS(Ausgaben!$E$2:$E$301,Ausgaben!$C$2:$C$301,$A10,Ausgaben!$B$2:$B$301,6) -> 0 | H10: =SUMIFS(Ausgaben!$E$2:$E$301,Ausgaben!$C$2:$C$301,$A10,Ausgaben!$B$2:$B$301,7) -> 0 | I10: =SUMIFS(Ausgaben!$E$2:$E$301,Ausgaben!$C$2:$C$301,$A10,Ausgaben!$B$2:$B$301,8) -> 0 | J10: =SUMIFS(Ausgaben!$E$2:$E$301,Ausgaben!$C$2:$C$301,$A10,Ausgaben!$B$2:$B$301,9) -> 0 | K10: =SUMIFS(Ausgaben!$E$2:$E$301,Ausgaben!$C$2:$C$301,$A10,Ausgaben!$B$2:$B$301,10) -> 0 | L10: =SUMIFS(Ausgaben!$E$2:$E$301,Ausgaben!$C$2:$C$301,$A10,Ausgaben!$B$2:$B$301,11) -> 0 | M10: =SUMIFS(Ausgaben!$E$2:$E$301,Ausgaben!$C$2:$C$301,$A10,Ausgaben!$B$2:$B$301,12) -> 0 | N10: =SUM(B10:M10) -> 0
A11: Büro & Verbrauchsmaterial | B11: =SUMIFS(Ausgaben!$E$2:$E$301,Ausgaben!$C$2:$C$301,$A11,Ausgaben!$B$2:$B$301,1) -> 0 | C11: =SUMIFS(Ausgaben!$E$2:$E$301,Ausgaben!$C$2:$C$301,$A11,Ausgaben!$B$2:$B$301,2) -> 0 | D11: =SUMIFS(Ausgaben!$E$2:$E$301,Ausgaben!$C$2:$C$301,$A11,Ausgaben!$B$2:$B$301,3) -> 0 | E11: =SUMIFS(Ausgaben!$E$2:$E$301,Ausgaben!$C$2:$C$301,$A11,Ausgaben!$B$2:$B$301,4) -> 0 | F11: =SUMIFS(Ausgaben!$E$2:$E$301,Ausgaben!$C$2:$C$301,$A11,Ausgaben!$B$2:$B$301,5) -> 0 | G11: =SUMIFS(Ausgaben!$E$2:$E$301,Ausgaben!$C$2:$C$301,$A11,Ausgaben!$B$2:$B$301,6) -> 0 | H11: =SUMIFS(Ausgaben!$E$2:$E$301,Ausgaben!$C$2:$C$301,$A11,Ausgaben!$B$2:$B$301,7) -> 0 | I11: =SUMIFS(Ausgaben!$E$2:$E$301,Ausgaben!$C$2:$C$301,$A11,Ausgaben!$B$2:$B$301,8) -> 0 | J11: =SUMIFS(Ausgaben!$E$2:$E$301,Ausgaben!$C$2:$C$301,$A11,Ausgaben!$B$2:$B$301,9) -> 0 | K11: =SUMIFS(Ausgaben!$E$2:$E$301,Ausgaben!$C$2:$C$301,$A11,Ausgaben!$B$2:$B$301,10) -> 0 | L11: =SUMIFS(Ausgaben!$E$2:$E$301,Ausgaben!$C$2:$C$301,$A11,Ausgaben!$B$2:$B$301,11) -> 0 | M11: =SUMIFS(Ausgaben!$E$2:$E$301,Ausgaben!$C$2:$C$301,$A11,Ausgaben!$B$2:$B$301,12) -> 0 | N11: =SUM(B11:M11) -> 0
A12: Fortbildung | B12: =SUMIFS(Ausgaben!$E$2:$E$301,Ausgaben!$C$2:$C$301,$A12,Ausgaben!$B$2:$B$301,1) -> 0 | C12: =SUMIFS(Ausgaben!$E$2:$E$301,Ausgaben!$C$2:$C$301,$A12,Ausgaben!$B$2:$B$301,2) -> 0 | D12: =SUMIFS(Ausgaben!$E$2:$E$301,Ausgaben!$C$2:$C$301,$A12,Ausgaben!$B$2:$B$301,3) -> 0 | E12: =SUMIFS(Ausgaben!$E$2:$E$301,Ausgaben!$C$2:$C$301,$A12,Ausgaben!$B$2:$B$301,4) -> 0 | F12: =SUMIFS(Ausgaben!$E$2:$E$301,Ausgaben!$C$2:$C$301,$A12,Ausgaben!$B$2:$B$301,5) -> 0 | G12: =SUMIFS(Ausgaben!$E$2:$E$301,Ausgaben!$C$2:$C$301,$A12,Ausgaben!$B$2:$B$301,6) -> 0 | H12: =SUMIFS(Ausgaben!$E$2:$E$301,Ausgaben!$C$2:$C$301,$A12,Ausgaben!$B$2:$B$301,7) -> 0 | I12: =SUMIFS(Ausgaben!$E$2:$E$301,Ausgaben!$C$2:$C$301,$A12,Ausgaben!$B$2:$B$301,8) -> 0 | J12: =SUMIFS(Ausgaben!$E$2:$E$301,Ausgaben!$C$2:$C$301,$A12,Ausgaben!$B$2:$B$301,9) -> 0 | K12: =SUMIFS(Ausgaben!$E$2:$E$301,Ausgaben!$C$2:$C$301,$A12,Ausgaben!$B$2:$B$301,10) -> 0 | L12: =SUMIFS(Ausgaben!$E$2:$E$301,Ausgaben!$C$2:$C$301,$A12,Ausgaben!$B$2:$B$301,11) -> 0 | M12: =SUMIFS(Ausgaben!$E$2:$E$301,Ausgaben!$C$2:$C$301,$A12,Ausgaben!$B$2:$B$301,12) -> 0 | N12: =SUM(B12:M12) -> 0
A13: Musikproduktion | B13: =SUMIFS(Ausgaben!$E$2:$E$301,Ausgaben!$C$2:$C$301,$A13,Ausgaben!$B$2:$B$301,1) -> 0 | C13: =SUMIFS(Ausgaben!$E$2:$E$301,Ausgaben!$C$2:$C$301,$A13,Ausgaben!$B$2:$B$301,2) -> 0 | D13: =SUMIFS(Ausgaben!$E$2:$E$301,Ausgaben!$C$2:$C$301,$A13,Ausgaben!$B$2:$B$301,3) -> 0 | E13: =SUMIFS(Ausgaben!$E$2:$E$301,Ausgaben!$C$2:$C$301,$A13,Ausgaben!$B$2:$B$301,4) -> 0 | F13: =SUMIFS(Ausgaben!$E$2:$E$301,Ausgaben!$C$2:$C$301,$A13,Ausgaben!$B$2:$B$301,5) -> 0 | G13: =SUMIFS(Ausgaben!$E$2:$E$301,Ausgaben!$C$2:$C$301,$A13,Ausgaben!$B$2:$B$301,6) -> 0 | H13: =SUMIFS(Ausgaben!$E$2:$E$301,Ausgaben!$C$2:$C$301,$A13,Ausgaben!$B$2:$B$301,7) -> 0 | I13: =SUMIFS(Ausgaben!$E$2:$E$301,Ausgaben!$C$2:$C$301,$A13,Ausgaben!$B$2:$B$301,8) -> 0 | J13: =SUMIFS(Ausgaben!$E$2:$E$301,Ausgaben!$C$2:$C$301,$A13,Ausgaben!$B$2:$B$301,9) -> 0 | K13: =SUMIFS(Ausgaben!$E$2:$E$301,Ausgaben!$C$2:$C$301,$A13,Ausgaben!$B$2:$B$301,10) -> 0 | L13: =SUMIFS(Ausgaben!$E$2:$E$301,Ausgaben!$C$2:$C$301,$A13,Ausgaben!$B$2:$B$301,11) -> 0 | M13: =SUMIFS(Ausgaben!$E$2:$E$301,Ausgaben!$C$2:$C$301,$A13,Ausgaben!$B$2:$B$301,12) -> 0 | N13: =SUM(B13:M13) -> 0
A14: Fremdleistungen | B14: =SUMIFS(Ausgaben!$E$2:$E$301,Ausgaben!$C$2:$C$301,$A14,Ausgaben!$B$2:$B$301,1) -> 0 | C14: =SUMIFS(Ausgaben!$E$2:$E$301,Ausgaben!$C$2:$C$301,$A14,Ausgaben!$B$2:$B$301,2) -> 0 | D14: =SUMIFS(Ausgaben!$E$2:$E$301,Ausgaben!$C$2:$C$301,$A14,Ausgaben!$B$2:$B$301,3) -> 0 | E14: =SUMIFS(Ausgaben!$E$2:$E$301,Ausgaben!$C$2:$C$301,$A14,Ausgaben!$B$2:$B$301,4) -> 0 | F14: =SUMIFS(Ausgaben!$E$2:$E$301,Ausgaben!$C$2:$C$301,$A14,Ausgaben!$B$2:$B$301,5) -> 0 | G14: =SUMIFS(Ausgaben!$E$2:$E$301,Ausgaben!$C$2:$C$301,$A14,Ausgaben!$B$2:$B$301,6) -> 0 | H14: =SUMIFS(Ausgaben!$E$2:$E$301,Ausgaben!$C$2:$C$301,$A14,Ausgaben!$B$2:$B$301,7) -> 0 | I14: =SUMIFS(Ausgaben!$E$2:$E$301,Ausgaben!$C$2:$C$301,$A14,Ausgaben!$B$2:$B$301,8) -> 0 | J14: =SUMIFS(Ausgaben!$E$2:$E$301,Ausgaben!$C$2:$C$301,$A14,Ausgaben!$B$2:$B$301,9) -> 0 | K14: =SUMIFS(Ausgaben!$E$2:$E$301,Ausgaben!$C$2:$C$301,$A14,Ausgaben!$B$2:$B$301,10) -> 0 | L14: =SUMIFS(Ausgaben!$E$2:$E$301,Ausgaben!$C$2:$C$301,$A14,Ausgaben!$B$2:$B$301,11) -> 0 | M14: =SUMIFS(Ausgaben!$E$2:$E$301,Ausgaben!$C$2:$C$301,$A14,Ausgaben!$B$2:$B$301,12) -> 0 | N14: =SUM(B14:M14) -> 0
A15: Gebühren & Beiträge | B15: =SUMIFS(Ausgaben!$E$2:$E$301,Ausgaben!$C$2:$C$301,$A15,Ausgaben!$B$2:$B$301,1) -> 0 | C15: =SUMIFS(Ausgaben!$E$2:$E$301,Ausgaben!$C$2:$C$301,$A15,Ausgaben!$B$2:$B$301,2) -> 0 | D15: =SUMIFS(Ausgaben!$E$2:$E$301,Ausgaben!$C$2:$C$301,$A15,Ausgaben!$B$2:$B$301,3) -> 0 | E15: =SUMIFS(Ausgaben!$E$2:$E$301,Ausgaben!$C$2:$C$301,$A15,Ausgaben!$B$2:$B$301,4) -> 0 | F15: =SUMIFS(Ausgaben!$E$2:$E$301,Ausgaben!$C$2:$C$301,$A15,Ausgaben!$B$2:$B$301,5) -> 0 | G15: =SUMIFS(Ausgaben!$E$2:$E$301,Ausgaben!$C$2:$C$301,$A15,Ausgaben!$B$2:$B$301,6) -> 0 | H15: =SUMIFS(Ausgaben!$E$2:$E$301,Ausgaben!$C$2:$C$301,$A15,Ausgaben!$B$2:$B$301,7) -> 0 | I15: =SUMIFS(Ausgaben!$E$2:$E$301,Ausgaben!$C$2:$C$301,$A15,Ausgaben!$B$2:$B$301,8) -> 0 | J15: =SUMIFS(Ausgaben!$E$2:$E$301,Ausgaben!$C$2:$C$301,$A15,Ausgaben!$B$2:$B$301,9) -> 0 | K15: =SUMIFS(Ausgaben!$E$2:$E$301,Ausgaben!$C$2:$C$301,$A15,Ausgaben!$B$2:$B$301,10) -> 0 | L15: =SUMIFS(Ausgaben!$E$2:$E$301,Ausgaben!$C$2:$C$301,$A15,Ausgaben!$B$2:$B$301,11) -> 0 | M15: =SUMIFS(Ausgaben!$E$2:$E$301,Ausgaben!$C$2:$C$301,$A15,Ausgaben!$B$2:$B$301,12) -> 0 | N15: =SUM(B15:M15) -> 0
A16: Steuer & Beratung | B16: =SUMIFS(Ausgaben!$E$2:$E$301,Ausgaben!$C$2:$C$301,$A16,Ausgaben!$B$2:$B$301,1) -> 0 | C16: =SUMIFS(Ausgaben!$E$2:$E$301,Ausgaben!$C$2:$C$301,$A16,Ausgaben!$B$2:$B$301,2) -> 0 | D16: =SUMIFS(Ausgaben!$E$2:$E$301,Ausgaben!$C$2:$C$301,$A16,Ausgaben!$B$2:$B$301,3) -> 0 | E16: =SUMIFS(Ausgaben!$E$2:$E$301,Ausgaben!$C$2:$C$301,$A16,Ausgaben!$B$2:$B$301,4) -> 0 | F16: =SUMIFS(Ausgaben!$E$2:$E$301,Ausgaben!$C$2:$C$301,$A16,Ausgaben!$B$2:$B$301,5) -> 0 | G16: =SUMIFS(Ausgaben!$E$2:$E$301,Ausgaben!$C$2:$C$301,$A16,Ausgaben!$B$2:$B$301,6) -> 0 | H16: =SUMIFS(Ausgaben!$E$2:$E$301,Ausgaben!$C$2:$C$301,$A16,Ausgaben!$B$2:$B$301,7) -> 0 | I16: =SUMIFS(Ausgaben!$E$2:$E$301,Ausgaben!$C$2:$C$301,$A16,Ausgaben!$B$2:$B$301,8) -> 0 | J16: =SUMIFS(Ausgaben!$E$2:$E$301,Ausgaben!$C$2:$C$301,$A16,Ausgaben!$B$2:$B$301,9) -> 0 | K16: =SUMIFS(Ausgaben!$E$2:$E$301,Ausgaben!$C$2:$C$301,$A16,Ausgaben!$B$2:$B$301,10) -> 0 | L16: =SUMIFS(Ausgaben!$E$2:$E$301,Ausgaben!$C$2:$C$301,$A16,Ausgaben!$B$2:$B$301,11) -> 0 | M16: =SUMIFS(Ausgaben!$E$2:$E$301,Ausgaben!$C$2:$C$301,$A16,Ausgaben!$B$2:$B$301,12) -> 0 | N16: =SUM(B16:M16) -> 0
... A18: Sonstiges | B18: =SUMIFS(Ausgaben!$E$2:$E$301,Ausgaben!$C$2:$C$301,$A18,Ausgaben!$B$2:$B$301,1) -> 0 | C18: =SUMIFS(Ausgaben!$E$2:$E$301,Ausgaben!$C$2:$C$301,$A18,Ausgaben!$B$2:$B$301,2) -> 0 | D18: =SUMIFS(Ausgaben!$E$2:$E$301,Ausgaben!$C$2:$C$301,$A18,Ausgaben!$B$2:$B$301,3) -> 0 | E18: =SUMIFS(Ausgaben!$E$2:$E$301,Ausgaben!$C$2:$C$301,$A18,Ausgaben!$B$2:$B$301,4) -> 0 | F18: =SUMIFS(Ausgaben!$E$2:$E$301,Ausgaben!$C$2:$C$301,$A18,Ausgaben!$B$2:$B$301,5) -> 0 | G18: =SUMIFS(Ausgaben!$E$2:$E$301,Ausgaben!$C$2:$C$301,$A18,Ausgaben!$B$2:$B$301,6) -> 0 | H18: =SUMIFS(Ausgaben!$E$2:$E$301,Ausgaben!$C$2:$C$301,$A18,Ausgaben!$B$2:$B$301,7) -> 0 | I18: =SUMIFS(Ausgaben!$E$2:$E$301,Ausgaben!$C$2:$C$301,$A18,Ausgaben!$B$2:$B$301,8) -> 0 | J18: =SUMIFS(Ausgaben!$E$2:$E$301,Ausgaben!$C$2:$C$301,$A18,Ausgaben!$B$2:$B$301,9) -> 0 | K18: =SUMIFS(Ausgaben!$E$2:$E$301,Ausgaben!$C$2:$C$301,$A18,Ausgaben!$B$2:$B$301,10) -> 0 | L18: =SUMIFS(Ausgaben!$E$2:$E$301,Ausgaben!$C$2:$C$301,$A18,Ausgaben!$B$2:$B$301,11) -> 0 | M18: =SUMIFS(Ausgaben!$E$2:$E$301,Ausgaben!$C$2:$C$301,$A18,Ausgaben!$B$2:$B$301,12) -> 0 | N18: =SUM(B18:M18) -> 0
A19: Gesamt netto | B19: =SUM(B5:B18) -> 295 | C19: =SUM(C5:C18) -> 0 | D19: =SUM(D5:D18) -> 0 | E19: =SUM(E5:E18) -> 0 | F19: =SUM(F5:F18) -> 0 | G19: =SUM(G5:G18) -> 0 | H19: =SUM(H5:H18) -> 0 | I19: =SUM(I5:I18) -> 0 | ... N19: =SUM(N5:N18) -> 295
A21: Jahreswerte 2026
A22: Gesamt netto | B22: =SUM(Ausgaben!$E$2:$E$301) -> 295
A23: Gesamt USt | B23: =SUM(Ausgaben!$G$2:$G$301) -> 56.05
A24: Gesamt brutto | B24: =SUM(Ausgaben!$H$2:$H$301) -> 351.05
A25: Anzahl Einträge | B25: =COUNT(Ausgaben!$E$2:$E$301) -> 1

Sheet Listen
A1: Kategorien | B1: Zahlungsarten
A2: Equipment & Technik | B2: Überweisung
A3: Software & Abos | B3: Kreditkarte
A4: Reisekosten | B4: EC-Karte
A5: Fahrzeug & Transport | B5: PayPal
A6: Marketing & Werbung | B6: Bar
A7: Versicherungen | B7: Lastschrift
A8: Büro & Verbrauchsmaterial
A9: Fortbildung
A10: Musikproduktion
A11: Fremdleistungen
A12: Gebühren & Beiträge
A13: Steuer & Beratung
A14: Miete & Studio
A15: Sonstiges

Sheet Legende
A1: Ausgaben 2026 – Hinweise zur Nutzung
A3: Eingaben nur im Blatt 'Ausgaben', in den blau formatierten Spalten:
A4: Datum, Kategorie, Beschreibung, Betrag netto, USt-Satz, Zahlungsart, Beleg-Nr., Notiz.
A5: Die Spalten Monat, USt-Betrag und Betrag brutto werden automatisch berechnet – nicht überschreiben.
A7: USt-Satz als Prozentwert aus der Auswahlliste wählen (0 %, 7 %, 19 %).
A8: Kategorie und Zahlungsart per Dropdown wählen; die Listen stehen im Blatt 'Listen' und können dort erweitert werden.
A9: Neue Kategorien im Blatt 'Listen' müssen zusätzlich im Blatt 'Übersicht' als Zeile ergänzt werden.
A11: Das Blatt 'Übersicht' fasst alle Einträge automatisch nach Kategorie und Monat zusammen (Nettobeträge).
A12: Die Tabelle ist für 300 Einträge vorbereitet (Zeilen 2–301). Bei mehr Einträgen Formelzeilen nach unten kopieren.
A14: Zeile 2 im Blatt 'Ausgaben' ist eine Beispielzeile mit realistischen Werten – sie kann überschrieben werden.
A15: Annahme: Standard-USt-Satz in der Beispielzeile 19 % (Deutschland). Alle Beträge in Euro.
